{"times": [0.064, 0.128, 0.192, 0.256, 0.32, 0.384, 0.448, 0.512, 0.576, 0.64, 0.704, 0.768, 0.832, 0.896, 0.96, 1.024, 1.088, 1.152, 1.216, 1.28, 1.344, 1.408, 1.472, 1.536, 1.6, 1.664, 1.728, 1.792, 1.856, 1.92, 1.984, 2.048, 2.112, 2.176, 2.24, 2.304, 2.368, 2.432, 2.496, 2.56, 2.624, 2.688, 2.752, 2.816, 2.88, 2.944, 3.008, 3.072, 3.136, 3.2, 3.264, 3.328, 3.392, 3.456, 3.52, 3.584, 3.648, 3.712, 3.776, 3.84, 3.904, 3.968, 4.032, 4.096, 4.16, 4.224, 4.288, 4.352, 4.416, 4.48, 4.544, 4.608, 4.672, 4.736, 4.8, 4.864, 4.928, 4.992, 5.056, 5.12, 5.184, 5.248, 5.312, 5.376, 5.44, 5.504, 5.568, 5.632, 5.696, 5.76, 5.824, 5.888, 5.952, 6.016, 6.08, 6.144, 6.208, 6.272, 6.336, 6.4, 6.464, 6.528, 6.592, 6.656, 6.72, 6.784, 6.848, 6.912, 6.976, 7.04, 7.104, 7.168, 7.232, 7.296, 7.36, 7.424, 7.488, 7.552, 7.616, 7.68, 7.744, 7.808, 7.872, 7.936, 8.0, 8.064, 8.128, 8.192, 8.256, 8.32, 8.384, 8.448, 8.512, 8.576, 8.64, 8.704, 8.768, 8.832, 8.896, 8.96, 9.024, 9.088, 9.152, 9.216, 9.28, 9.344, 9.408, 9.472, 9.536, 9.6, 9.664, 9.728, 9.792, 9.856, 9.92, 9.984, 10.048, 10.112, 10.176, 10.24, 10.304, 10.368, 10.432, 10.496, 10.56, 10.624, 10.688, 10.752, 10.816, 10.88, 10.944, 11.008, 11.072, 11.136, 11.2, 11.264, 11.328, 11.392, 11.456, 11.52, 11.584, 11.648, 11.712, 11.776, 11.84, 11.904, 11.968, 12.032, 12.096, 12.16, 12.224, 12.288, 12.352, 12.416, 12.48, 12.544, 12.608, 12.672, 12.736, 12.8, 12.864, 12.928, 12.992, 13.056, 13.12, 13.184, 13.248, 13.312, 13.376, 13.44, 13.504, 13.568, 13.632, 13.696, 13.76, 13.824, 13.888, 13.952, 14.016, 14.08, 14.144, 14.208, 14.272, 14.336, 14.4, 14.464, 14.528, 14.592, 14.656, 14.72, 14.784, 14.848, 14.912, 14.976, 15.04, 15.104, 15.168, 15.232, 15.296, 15.36, 15.424, 15.488, 15.552, 15.616, 15.68, 15.744, 15.808, 15.872, 15.936, 16.0, 16.064, 16.128, 16.192, 16.256, 16.32, 16.384, 16.448, 16.512, 16.576, 16.64], "pitches": [0.0, 0.0, 0.0, 0.0, 0.0, 0.0, 0.0, 0.0, 0.0, 0.0, 0.0, 0.0, 0.0, 0.0, 0.0, 0.0, 0.0, 0.0, 0.0, 0.0, 0.0, 0.0, 0.0, 0.0, 0.0, 0.0, 0.0, 0.0, 0.0, 0.0, 0.0, 0.0, 0.0, 0.0, 0.0, 0.0, 0.0, 0.0, 0.0, 0.0, 0.0, 0.0, 0.0, 0.0, 0.0, 0.0, 0.0, 0.0, 0.0, 0.0, 0.0, 0.0, 0.0, 0.0, 0.0, 0.0, 0.0, 0.0, 0.0, 0.0, 0.0, 0.0, 0.0, 0.0, 0.0, 0.0, 0.0, 0.0, 0.0, 0.0, 0.0, 0.0, 0.0, 1960.933837890625, 1909.117431640625, 1996.865234375, 821.3607177734375, 186.623046875, 141.99790954589844, 651.2078857421875, 1611.921142578125, 1961.278076171875, 1677.5689697265625, 124.68827056884766, 1622.8148193359375, 1094.357421875, 1248.280517578125, 1468.6448974609375, 1507.7041015625, 1973.95166015625, 1963.9979248046875, 0.0, 0.0, 0.0, 0.0, 0.0, 0.0, 0.0, 0.0, 1970.527099609375, 1510.3240966796875, 724.1200561523438, 440.7076416015625, 1171.58642578125, 1396.6187744140625, 1977.641845703125, 0.0, 0.0, 1981.4110107421875, 1787.468994140625, 1523.87939453125, 731.0032348632812, 1991.705810546875, 0.0, 0.0, 0.0, 0.0, 0.0, 0.0, 0.0, 0.0, 0.0, 0.0, 0.0, 0.0, 0.0, 0.0, 0.0, 0.0, 0.0, 0.0, 0.0, 0.0, 0.0, 0.0, 0.0, 0.0, 0.0, 0.0, 0.0, 0.0, 0.0, 0.0, 0.0, 0.0, 0.0, 0.0, 0.0, 0.0, 0.0, 0.0, 0.0, 0.0, 0.0, 0.0, 0.0, 0.0, 0.0, 0.0, 0.0, 0.0, 0.0, 0.0, 0.0, 0.0, 0.0, 0.0, 0.0, 0.0, 0.0, 0.0, 0.0, 0.0, 0.0, 0.0, 0.0, 0.0, 0.0, 0.0, 0.0, 0.0, 0.0, 0.0, 0.0, 0.0, 0.0, 0.0, 0.0, 0.0, 0.0, 0.0, 0.0, 0.0, 0.0, 0.0, 0.0, 0.0, 0.0, 0.0, 0.0, 0.0, 0.0, 0.0, 0.0, 0.0, 0.0, 0.0, 0.0, 0.0, 0.0, 0.0, 0.0, 0.0, 0.0, 0.0, 0.0, 0.0, 0.0, 0.0, 0.0, 0.0, 0.0, 0.0, 0.0, 0.0, 0.0, 0.0, 0.0, 0.0, 0.0, 0.0, 0.0, 0.0, 0.0, 0.0, 0.0, 0.0, 0.0, 0.0, 0.0, 0.0, 0.0, 0.0, 0.0, 0.0, 0.0, 0.0, 0.0, 0.0, 0.0, 0.0, 0.0, 0.0, 0.0, 0.0, 0.0, 0.0, 0.0, 0.0, 0.0], "source": "user_recording", "recorded_at": "2026-06-24T23:50:57.703664", "total_frames": 260, "valid_frames": 30}